product_id,name,category,brand,price,avg_rating,popularity,tags
P0000,TechNova Electronics #0,Electronics,TechNova,409.49,3.1,0.08700176852285588,wireless|bluetooth
P0001,EcoGrain Grocery #1,Grocery,EcoGrain,26.17,4.1,0.05297033227716428,vegan|natural
P0002,KidoCraft Toys #2,Toys,KidoCraft,53.48,4.4,0.2685708891309735,non-toxic|educational|battery-operated|colorful
P0003,LushAura Beauty #3,Beauty,LushAura,29.16,4.2,0.16607194658007354,anti-aging|organic|vegan|hydrating
P0004,PureSkin Beauty #4,Beauty,PureSkin,27.55,4.4,0.05765110149147594,paraben-free|hydrating|anti-aging|organic
P0005,DriveDyn Automotive #5,Automotive,DriveDyn,101.58,3.2,0.04763074359038793,easy-install|universal
P0006,VoltCore Electronics #6,Electronics,VoltCore,248.01,4.2,0.09428365439662405,smart|wireless
P0007,PlayPioneer Toys #7,Toys,PlayPioneer,26.13,3.8,0.037742172487647586,eco-friendly|non-toxic
P0008,KitchenKraft Home & Kitchen #8,Home & Kitchen,KitchenKraft,111.59,3.7,0.00682109346173999,durable|compact
P0009,TechNova Electronics #9,Electronics,TechNova,344.11,4.5,0.05794178429172288,fast-charging|bluetooth|portable|wireless
P0010,FlexFit Sports #10,Sports,FlexFit,84.08,4.9,0.03798494258797415,grip|waterproof
P0011,TuneTech Music #11,Music,TuneTech,104.0,5.0,0.1717177336125271,noise-cancelling|portable|bluetooth|bass-boost
P0012,HarvestHue Grocery #12,Grocery,HarvestHue,31.37,4.8,0.1389463845297416,organic|gluten-free
P0013,HarvestHue Grocery #13,Grocery,HarvestHue,21.42,3.9,0.033899282918444386,gluten-free|natural|low-sugar
P0014,HarvestHue Grocery #14,Grocery,HarvestHue,39.91,4.2,0.261728604616751,vegan|natural|gluten-free|organic
P0015,FreshCart Grocery #15,Grocery,FreshCart,10.01,4.5,0.10855482439340985,gluten-free|low-sugar|vegan
P0016,FlexFit Sports #16,Sports,FlexFit,59.19,4.1,0.3956917165424941,grip|lightweight|durable
P0017,VogueLine Fashion #17,Fashion,VogueLine,18.48,4.1,0.19540274698947857,premium|trendy|slim-fit
P0018,DriveDyn Automotive #18,Automotive,DriveDyn,71.03,4.5,0.30501051052735256,rust-proof|easy-install|weatherproof
P0019,Beautea Beauty #19,Beauty,Beautea,59.33,4.0,0.41739983564425204,vegan|paraben-free
P0020,ProStride Sports #20,Sports,ProStride,109.52,3.6,0.067751375530061,durable|grip
P0021,PagePress Books #21,Books,PagePress,13.96,3.8,0.14456226330765096,hardcover|self-help|fiction|bestseller
P0022,VogueLine Fashion #22,Fashion,VogueLine,23.59,4.4,0.022742345821979013,slim-fit|casual|cotton|premium
P0023,AudioArc Music #23,Music,AudioArc,27.25,4.0,0.036546345247514794,portable|wireless
P0024,PureBite Grocery #24,Grocery,PureBite,19.05,4.2,0.030034078781704974,vegan|low-sugar|natural
P0025,ToyTinker Toys #25,Toys,ToyTinker,134.17,4.4,0.08114693094957412,eco-friendly|battery-operated|educational
P0026,LushAura Beauty #26,Beauty,LushAura,37.29,3.8,0.16367747767527172,paraben-free|vegan|anti-aging|organic
P0027,AutoArc Automotive #27,Automotive,AutoArc,113.39,4.5,0.11082841027077378,weatherproof|heavy-duty|rust-proof
P0028,FlexFit Sports #28,Sports,FlexFit,88.33,4.2,0.003755962392925216,grip|waterproof|breathable|lightweight
P0029,LushAura Beauty #29,Beauty,LushAura,13.75,3.3,0.031841926924363405,anti-aging|organic
P0030,Beautea Beauty #30,Beauty,Beautea,25.86,4.9,0.16408911404932294,anti-aging|vegan|hydrating
P0031,HomeHue Home & Kitchen #31,Home & Kitchen,HomeHue,84.08,3.7,0.13337191646117805,compact|durable
P0032,TechNova Electronics #32,Electronics,TechNova,191.57,3.0,0.04190470941066613,wireless|smart
P0033,ProStride Sports #33,Sports,ProStride,103.95,3.4,0.04797954586201104,waterproof|breathable|durable
P0034,MotoMate Automotive #34,Automotive,MotoMate,178.21,3.4,0.19823597532975745,universal|easy-install|weatherproof|heavy-duty
P0035,TechNova Electronics #35,Electronics,TechNova,279.35,4.0,0.09625631694046541,fast-charging|wireless|smart|portable
P0036,DriveDyn Automotive #36,Automotive,DriveDyn,106.32,3.8,0.11937242475538182,universal|weatherproof|easy-install|heavy-duty
P0037,AutoArc Automotive #37,Automotive,AutoArc,234.99,3.8,0.07478441674175296,universal|easy-install|heavy-duty|weatherproof
P0038,CozyNest Home & Kitchen #38,Home & Kitchen,CozyNest,180.64,4.4,0.17903471570868265,durable|compact
P0039,PlayPioneer Toys #39,Toys,PlayPioneer,24.63,4.2,0.29282224026517956,battery-operated|non-toxic|educational|colorful
P0040,UrbanWeave Fashion #40,Fashion,UrbanWeave,32.08,4.2,0.440446867340894,slim-fit|premium|casual|cotton
P0041,FreshCart Grocery #41,Grocery,FreshCart,48.75,4.2,0.1475360006250188,natural|organic|gluten-free
P0042,FreshCart Grocery #42,Grocery,FreshCart,22.72,4.4,0.06786306698159303,organic|natural
P0043,PagePress Books #43,Books,PagePress,40.35,2.7,0.02077604525963539,hardcover|educational|fiction|self-help
P0044,PixelPro Electronics #44,Electronics,PixelPro,160.3,3.8,0.0047875121894815935,portable|smart
P0045,SoundScape Music #45,Music,SoundScape,248.39,2.7,0.405991064139538,wireless|noise-cancelling|bluetooth
P0046,PureSkin Beauty #46,Beauty,PureSkin,32.04,4.0,0.1773905979321135,vegan|anti-aging|paraben-free
P0047,MotoMate Automotive #47,Automotive,MotoMate,170.67,4.0,0.06519010690463888,heavy-duty|universal|easy-install|rust-proof
P0048,FunForge Toys #48,Toys,FunForge,87.46,4.6,0.1255693790494636,educational|eco-friendly|colorful
P0049,EcoGrain Grocery #49,Grocery,EcoGrain,20.86,4.7,0.24804892034960357,vegan|natural|organic
P0050,HarvestHue Grocery #50,Grocery,HarvestHue,15.62,4.1,0.5102840388753059,gluten-free|organic
P0051,Threadly Fashion #51,Fashion,Threadly,39.95,3.7,0.02905742673267808,slim-fit|premium|cotton|casual
P0052,Inkwell Books #52,Books,Inkwell,25.08,4.3,0.11912047202163067,bestseller|educational|hardcover
P0053,PureSkin Beauty #53,Beauty,PureSkin,13.71,3.7,0.20900651758402486,anti-aging|hydrating|vegan
P0054,LushAura Beauty #54,Beauty,LushAura,41.26,4.0,0.6104794171992333,anti-aging|vegan|organic
P0055,VoltCore Electronics #55,Electronics,VoltCore,152.77,4.6,0.18655708128752785,smart|wireless
P0056,IronWill Sports #56,Sports,IronWill,124.26,3.7,0.1282376693897425,durable|breathable
P0057,ClassyCot Fashion #57,Fashion,ClassyCot,15.1,4.5,0.1514599291719178,trendy|slim-fit|cotton
P0058,HarvestHue Grocery #58,Grocery,HarvestHue,16.87,4.4,0.04639478331662076,low-sugar|natural|gluten-free|vegan
P0059,KidoCraft Toys #59,Toys,KidoCraft,17.21,3.4,0.1507615584063469,colorful|eco-friendly|educational|non-toxic
P0060,TuneTech Music #60,Music,TuneTech,79.39,4.6,0.2603652070102821,noise-cancelling|bluetooth|portable
P0061,FreshCart Grocery #61,Grocery,FreshCart,28.3,4.4,0.040569837214576056,vegan|gluten-free|low-sugar|organic
P0062,LitHouse Books #62,Books,LitHouse,18.29,4.1,0.353522541340591,self-help|fiction|hardcover|bestseller
P0063,SoundScape Music #63,Music,SoundScape,105.72,3.5,0.01446317493920866,wireless|portable
P0064,LushAura Beauty #64,Beauty,LushAura,27.7,3.5,0.06402874913466945,vegan|hydrating|organic
P0065,PagePress Books #65,Books,PagePress,22.14,3.7,0.0238006780067659,self-help|educational|fiction|hardcover
P0066,SoundScape Music #66,Music,SoundScape,72.47,4.3,0.01124157546057546,bluetooth|wireless|bass-boost|portable
P0067,PagePress Books #67,Books,PagePress,28.48,3.4,0.48288530909692123,educational|hardcover|self-help
P0068,VoltCore Electronics #68,Electronics,VoltCore,278.56,4.3,0.04169845989873609,fast-charging|wireless
P0069,Beautea Beauty #69,Beauty,Beautea,36.37,3.3,0.09465519713224596,vegan|paraben-free
P0070,HarvestHue Grocery #70,Grocery,HarvestHue,33.02,3.9,0.12906566170485095,gluten-free|natural
P0071,Threadly Fashion #71,Fashion,Threadly,57.99,4.1,0.01847369918316788,premium|cotton|slim-fit|trendy
P0072,PureSkin Beauty #72,Beauty,PureSkin,82.99,5.0,0.045247573708510395,paraben-free|organic
P0073,VogueLine Fashion #73,Fashion,VogueLine,47.87,3.2,0.04278343777151564,slim-fit|trendy|cotton|casual
P0074,PlayPioneer Toys #74,Toys,PlayPioneer,34.31,4.9,0.048947738687557966,battery-operated|colorful|educational
P0075,PureSkin Beauty #75,Beauty,PureSkin,20.58,4.1,0.08657221050228234,vegan|organic|anti-aging
P0076,Inkwell Books #76,Books,Inkwell,11.94,4.2,0.05326105306182565,self-help|bestseller
P0077,CozyNest Home & Kitchen #77,Home & Kitchen,CozyNest,42.94,4.1,0.22132801645707104,eco-friendly|rust-free|non-stick|compact
P0078,FlexFit Sports #78,Sports,FlexFit,44.88,4.3,0.09472799863784706,grip|waterproof|durable
P0079,PlayPioneer Toys #79,Toys,PlayPioneer,38.61,3.9,0.06867509419281753,battery-operated|educational
P0080,SoundScape Music #80,Music,SoundScape,141.83,4.9,0.03406848355816741,bass-boost|bluetooth
P0081,LushAura Beauty #81,Beauty,LushAura,30.78,3.7,0.18860025366636957,organic|vegan|anti-aging
P0082,VogueLine Fashion #82,Fashion,VogueLine,34.1,4.7,0.06389997932720216,premium|trendy|cotton|slim-fit
P0083,AutoArc Automotive #83,Automotive,AutoArc,235.27,3.6,0.06451909853933899,universal|rust-proof|weatherproof|heavy-duty
P0084,ToyTinker Toys #84,Toys,ToyTinker,57.89,4.0,0.43719886911024014,educational|colorful
P0085,HarvestHue Grocery #85,Grocery,HarvestHue,23.08,3.4,0.007768839373771712,natural|gluten-free
P0086,VoltCore Electronics #86,Electronics,VoltCore,144.29,4.3,0.06894335244081709,portable|bluetooth|fast-charging|wireless
P0087,PagePress Books #87,Books,PagePress,26.31,4.9,0.12131057839903447,self-help|fiction|hardcover|educational
P0088,HarvestHue Grocery #88,Grocery,HarvestHue,27.46,4.0,0.18130229422434427,vegan|gluten-free
P0089,CarCore Automotive #89,Automotive,CarCore,72.72,3.9,0.17374351063813284,weatherproof|universal
P0090,LushAura Beauty #90,Beauty,LushAura,29.0,3.3,0.04265325878219547,vegan|paraben-free|hydrating
P0091,CarCore Automotive #91,Automotive,CarCore,171.0,3.9,0.0009731208536071688,heavy-duty|easy-install|universal
P0092,AutoArc Automotive #92,Automotive,AutoArc,95.66,3.0,0.14516319339131353,universal|heavy-duty
P0093,Inkwell Books #93,Books,Inkwell,21.99,3.5,0.11701912043933266,educational|hardcover
P0094,DriveDyn Automotive #94,Automotive,DriveDyn,72.47,4.1,0.01210970292513003,rust-proof|universal
P0095,PurePan Home & Kitchen #95,Home & Kitchen,PurePan,156.04,4.8,0.0928592257467568,compact|non-stick|durable
P0096,CozyNest Home & Kitchen #96,Home & Kitchen,CozyNest,149.31,5.0,0.026980598204341778,compact|eco-friendly
P0097,KidoCraft Toys #97,Toys,KidoCraft,35.26,3.6,0.015933972513435157,non-toxic|colorful
P0098,FunForge Toys #98,Toys,FunForge,47.97,4.9,0.11204062126462017,colorful|eco-friendly
P0099,UrbanWeave Fashion #99,Fashion,UrbanWeave,14.99,4.1,0.14723309220672104,premium|casual
P0100,MotoMate Automotive #100,Automotive,MotoMate,84.14,3.9,0.12710960243939728,heavy-duty|universal|weatherproof|rust-proof
P0101,ClassyCot Fashion #101,Fashion,ClassyCot,43.17,4.3,0.048343568991998036,casual|cotton|trendy|slim-fit
P0102,MotoMate Automotive #102,Automotive,MotoMate,87.76,4.0,0.12157069755620835,easy-install|heavy-duty|weatherproof
P0103,TechNova Electronics #103,Electronics,TechNova,285.86,4.1,0.08018018759312695,portable|bluetooth|wireless|smart
P0104,HarvestHue Grocery #104,Grocery,HarvestHue,67.87,3.8,0.09448312784440162,organic|vegan
P0105,EcoGrain Grocery #105,Grocery,EcoGrain,13.88,3.2,0.16719465365359087,organic|vegan|natural|gluten-free
P0106,PureBite Grocery #106,Grocery,PureBite,16.45,3.1,0.11875864306094669,low-sugar|gluten-free|natural
P0107,FunForge Toys #107,Toys,FunForge,45.0,4.4,0.1307842808415381,battery-operated|colorful|eco-friendly|educational
P0108,LushAura Beauty #108,Beauty,LushAura,67.14,3.8,0.2156276576992463,paraben-free|vegan|organic|anti-aging
P0109,HarvestHue Grocery #109,Grocery,HarvestHue,13.57,3.6,0.06063583326361384,gluten-free|organic
P0110,PurePan Home & Kitchen #110,Home & Kitchen,PurePan,90.61,4.0,0.09740956648279617,non-stick|rust-free
P0111,PureBite Grocery #111,Grocery,PureBite,62.15,4.5,0.13604626978837675,organic|gluten-free|vegan|low-sugar
P0112,FlexFit Sports #112,Sports,FlexFit,30.65,4.1,0.23372826541479763,durable|breathable
P0113,PureSkin Beauty #113,Beauty,PureSkin,15.81,3.6,0.03883307351234867,anti-aging|vegan|organic|paraben-free
P0114,IronWill Sports #114,Sports,IronWill,56.64,4.7,0.19276969518000156,waterproof|durable|lightweight|breathable
P0115,IronWill Sports #115,Sports,IronWill,53.96,4.9,0.042366722487449535,grip|durable|lightweight|breathable
P0116,TechNova Electronics #116,Electronics,TechNova,300.25,4.3,0.052167266894181615,wireless|smart
P0117,Threadly Fashion #117,Fashion,Threadly,56.42,4.6,0.07223759638223023,slim-fit|trendy
P0118,HomeHue Home & Kitchen #118,Home & Kitchen,HomeHue,32.94,4.7,0.015249972668769695,non-stick|durable|rust-free
P0119,VogueLine Fashion #119,Fashion,VogueLine,64.7,4.7,0.2833781818552274,slim-fit|casual|trendy
P0120,PureSkin Beauty #120,Beauty,PureSkin,22.48,4.4,0.2591762499167332,paraben-free|organic
P0121,ToyTinker Toys #121,Toys,ToyTinker,75.65,4.4,0.4032785315431183,educational|battery-operated|non-toxic|eco-friendly
P0122,PlayPioneer Toys #122,Toys,PlayPioneer,29.23,4.3,0.11829671491257453,non-toxic|eco-friendly|battery-operated
P0123,PureSkin Beauty #123,Beauty,PureSkin,21.82,3.3,0.14912776392287955,vegan|anti-aging|paraben-free
P0124,MotoMate Automotive #124,Automotive,MotoMate,196.61,4.4,0.046340132750373596,easy-install|weatherproof|rust-proof
P0125,FitForge Sports #125,Sports,FitForge,102.51,3.2,0.003771505694794413,durable|grip|waterproof
P0126,ElectroMax Electronics #126,Electronics,ElectroMax,250.23,3.5,0.1745173864335811,wireless|smart|portable
P0127,PureBite Grocery #127,Grocery,PureBite,10.76,4.8,0.028871631352097988,organic|gluten-free|vegan
P0128,IronWill Sports #128,Sports,IronWill,91.61,4.5,0.037901805081531036,lightweight|waterproof
P0129,ToyTinker Toys #129,Toys,ToyTinker,23.85,4.9,0.6540328045192876,educational|eco-friendly|battery-operated|colorful
P0130,IronWill Sports #130,Sports,IronWill,78.74,3.8,0.02178313617907601,grip|waterproof
P0131,ProStride Sports #131,Sports,ProStride,34.35,3.3,0.012204814601261542,lightweight|waterproof
P0132,ElectroMax Electronics #132,Electronics,ElectroMax,250.0,3.9,0.01028052936825308,smart|wireless|fast-charging|bluetooth
P0133,ProStride Sports #133,Sports,ProStride,46.77,4.1,0.14022568917056497,waterproof|durable|breathable|grip
P0134,FreshCart Grocery #134,Grocery,FreshCart,13.16,4.0,0.05873510404496314,low-sugar|organic
P0135,BookHive Books #135,Books,BookHive,28.58,4.7,0.0532205326297053,hardcover|fiction|self-help
P0136,PlayPioneer Toys #136,Toys,PlayPioneer,45.14,3.8,0.10464256060769592,eco-friendly|battery-operated|non-toxic
P0137,ElectroMax Electronics #137,Electronics,ElectroMax,147.13,4.2,0.014059082008431166,fast-charging|portable|smart
P0138,Inkwell Books #138,Books,Inkwell,41.32,3.4,0.01858561181778419,hardcover|fiction|self-help
P0139,LushAura Beauty #139,Beauty,LushAura,24.07,4.3,0.3270910057817955,hydrating|paraben-free|vegan
P0140,TuneTech Music #140,Music,TuneTech,121.94,4.0,0.2787475765663605,bass-boost|bluetooth
P0141,PurePan Home & Kitchen #141,Home & Kitchen,PurePan,91.51,3.6,0.10892679419552159,durable|non-stick|compact|eco-friendly
P0142,PurePan Home & Kitchen #142,Home & Kitchen,PurePan,58.69,3.9,0.3217729741258588,non-stick|rust-free|eco-friendly|compact
P0143,PureSkin Beauty #143,Beauty,PureSkin,37.97,3.9,0.01042795245328207,anti-aging|organic|vegan
P0144,AudioArc Music #144,Music,AudioArc,91.91,3.8,0.10617134031777213,portable|bluetooth|noise-cancelling|bass-boost
P0145,DriveDyn Automotive #145,Automotive,DriveDyn,122.1,5.0,0.15018976754790783,heavy-duty|rust-proof|easy-install|universal
P0146,ElectroMax Electronics #146,Electronics,ElectroMax,395.3,3.9,0.2434291575415285,bluetooth|smart
P0147,CozyNest Home & Kitchen #147,Home & Kitchen,CozyNest,47.55,3.9,0.11295640072122946,durable|rust-free|compact|eco-friendly
P0148,CarCore Automotive #148,Automotive,CarCore,44.89,2.7,0.11059439851987592,universal|weatherproof|rust-proof
P0149,PixelPro Electronics #149,Electronics,PixelPro,447.55,3.5,0.045288188454473785,smart|wireless
P0150,DriveDyn Automotive #150,Automotive,DriveDyn,536.62,3.8,0.14448785579979645,universal|heavy-duty|easy-install|rust-proof
P0151,CozyNest Home & Kitchen #151,Home & Kitchen,CozyNest,65.33,3.6,0.01779305845242257,durable|compact|eco-friendly|non-stick
P0152,SoundScape Music #152,Music,SoundScape,45.56,4.8,0.2563630344528037,noise-cancelling|portable|bluetooth|bass-boost
P0153,PurePan Home & Kitchen #153,Home & Kitchen,PurePan,68.5,3.9,0.08916275634831454,non-stick|durable|rust-free
P0154,Beautea Beauty #154,Beauty,Beautea,26.0,4.8,0.015031540547823685,organic|hydrating
P0155,FunForge Toys #155,Toys,FunForge,36.38,4.0,0.046971563849868704,colorful|non-toxic|battery-operated|educational
P0156,ClassyCot Fashion #156,Fashion,ClassyCot,28.66,4.0,0.08191943512485667,premium|trendy|casual
P0157,IronWill Sports #157,Sports,IronWill,93.53,3.9,0.4605775416359147,waterproof|breathable|grip|durable
P0158,FitForge Sports #158,Sports,FitForge,90.99,4.0,0.14808008996432837,grip|lightweight
P0159,PureBite Grocery #159,Grocery,PureBite,11.84,5.0,0.2062302111455272,gluten-free|natural
P0160,SoundScape Music #160,Music,SoundScape,170.22,2.6,0.607854463374979,wireless|bluetooth
P0161,FunForge Toys #161,Toys,FunForge,111.63,2.8,0.17996359969152656,non-toxic|eco-friendly|colorful|battery-operated
P0162,GlowLab Beauty #162,Beauty,GlowLab,32.69,3.7,0.009974187049498054,paraben-free|organic|hydrating|vegan
P0163,GlowLab Beauty #163,Beauty,GlowLab,25.34,4.0,0.16277732765202738,hydrating|anti-aging
P0164,Beautea Beauty #164,Beauty,Beautea,27.94,4.4,0.1950257542182442,paraben-free|anti-aging
P0165,MotoMate Automotive #165,Automotive,MotoMate,204.03,4.3,0.049584841212238814,universal|weatherproof|easy-install
P0166,BookHive Books #166,Books,BookHive,8.42,3.8,0.023254047584322642,fiction|educational
P0167,ClassyCot Fashion #167,Fashion,ClassyCot,54.28,4.6,0.10701255447811428,cotton|trendy
P0168,Inkwell Books #168,Books,Inkwell,16.45,4.6,0.817278227943242,bestseller|educational
P0169,TechNova Electronics #169,Electronics,TechNova,503.83,4.1,0.2013413876592138,wireless|portable
P0170,ClassyCot Fashion #170,Fashion,ClassyCot,45.83,4.6,0.26900209009902354,premium|trendy|slim-fit
P0171,VoltCore Electronics #171,Electronics,VoltCore,460.48,4.2,0.19433281020045481,fast-charging|bluetooth|portable|wireless
P0172,EcoGrain Grocery #172,Grocery,EcoGrain,14.4,3.7,0.055760986671842414,low-sugar|vegan|organic|gluten-free
P0173,FreshCart Grocery #173,Grocery,FreshCart,33.53,4.4,0.12582239113729618,organic|gluten-free|low-sugar|natural
P0174,FunForge Toys #174,Toys,FunForge,46.93,4.1,0.38499356572088445,colorful|non-toxic
P0175,Beautea Beauty #175,Beauty,Beautea,19.43,4.0,0.04712808075918329,anti-aging|paraben-free|organic|hydrating
P0176,EcoGrain Grocery #176,Grocery,EcoGrain,27.32,4.9,0.00743579959292145,low-sugar|natural
P0177,VogueLine Fashion #177,Fashion,VogueLine,91.68,2.5,1.0,casual|slim-fit
P0178,TuneTech Music #178,Music,TuneTech,102.06,3.1,0.06563872344207557,portable|wireless|noise-cancelling|bluetooth
P0179,FlexFit Sports #179,Sports,FlexFit,30.04,3.3,0.6085508264092578,breathable|grip|durable
P0180,TuneTech Music #180,Music,TuneTech,118.95,3.8,0.1176841754974554,bass-boost|wireless|noise-cancelling
P0181,VogueLine Fashion #181,Fashion,VogueLine,31.84,3.8,0.1084278776101592,cotton|slim-fit|casual|premium
P0182,LushAura Beauty #182,Beauty,LushAura,25.28,3.1,0.13886325929999924,vegan|hydrating
P0183,KidoCraft Toys #183,Toys,KidoCraft,38.4,3.4,0.11362290088321275,colorful|eco-friendly|battery-operated|non-toxic
P0184,GlowLab Beauty #184,Beauty,GlowLab,12.79,3.5,0.43161457201944614,vegan|organic
P0185,LushAura Beauty #185,Beauty,LushAura,13.37,5.0,0.07115741851716874,vegan|anti-aging
P0186,Threadly Fashion #186,Fashion,Threadly,63.63,5.0,0.021700475225079133,trendy|casual|premium
P0187,BookHive Books #187,Books,BookHive,15.4,3.8,0.2569465564310219,fiction|educational|self-help|bestseller
P0188,KitchenKraft Home & Kitchen #188,Home & Kitchen,KitchenKraft,22.19,3.8,0.150919838205696,eco-friendly|rust-free|compact|non-stick
P0189,Inkwell Books #189,Books,Inkwell,29.61,3.3,0.004668892438019312,fiction|hardcover|self-help
P0190,KidoCraft Toys #190,Toys,KidoCraft,45.84,2.9,0.149808977160332,eco-friendly|educational
P0191,KidoCraft Toys #191,Toys,KidoCraft,27.99,3.9,0.21887446655841267,battery-operated|colorful|eco-friendly|educational
P0192,KidoCraft Toys #192,Toys,KidoCraft,20.71,3.4,0.05007943738231049,educational|battery-operated|non-toxic|colorful
P0193,Inkwell Books #193,Books,Inkwell,30.38,3.9,0.06947635131844157,educational|hardcover
P0194,SoundScape Music #194,Music,SoundScape,142.9,3.0,0.01697393946807115,portable|bass-boost|bluetooth
P0195,ElectroMax Electronics #195,Electronics,ElectroMax,658.27,3.5,0.0449127311084913,bluetooth|portable|fast-charging
P0196,BookHive Books #196,Books,BookHive,24.68,4.1,0.1484493750590744,fiction|educational|self-help
P0197,UrbanWeave Fashion #197,Fashion,UrbanWeave,60.7,4.2,0.004113839113085464,cotton|slim-fit|trendy|casual
P0198,PagePress Books #198,Books,PagePress,18.4,4.3,0.19675715000599645,bestseller|fiction|hardcover|educational
P0199,SoundScape Music #199,Music,SoundScape,180.53,3.2,0.38209500191310286,bass-boost|noise-cancelling|bluetooth|wireless
P0200,BookHive Books #200,Books,BookHive,27.34,4.5,0.01529791133262443,hardcover|fiction
P0201,TuneTech Music #201,Music,TuneTech,224.38,3.5,0.07651613131431996,bluetooth|portable|noise-cancelling|bass-boost
P0202,GlowLab Beauty #202,Beauty,GlowLab,23.12,4.4,0.031050708292469593,vegan|anti-aging
P0203,PlayPioneer Toys #203,Toys,PlayPioneer,32.17,4.0,0.08719618084491929,colorful|battery-operated|educational
P0204,GlowLab Beauty #204,Beauty,GlowLab,23.61,3.2,0.20842690018073656,hydrating|organic
P0205,CozyNest Home & Kitchen #205,Home & Kitchen,CozyNest,118.8,3.8,0.14047096491746347,eco-friendly|rust-free
P0206,FreshCart Grocery #206,Grocery,FreshCart,52.88,4.2,0.06892594304537188,low-sugar|organic|vegan
P0207,TuneTech Music #207,Music,TuneTech,95.4,4.4,0.027993670932598778,noise-cancelling|portable
P0208,KitchenKraft Home & Kitchen #208,Home & Kitchen,KitchenKraft,64.69,3.9,0.5302632241238704,eco-friendly|compact|durable
P0209,PureBite Grocery #209,Grocery,PureBite,29.25,4.9,0.040379035289482744,low-sugar|gluten-free|vegan|organic
P0210,CozyNest Home & Kitchen #210,Home & Kitchen,CozyNest,70.75,4.6,0.04763943714390836,rust-free|non-stick|eco-friendly
P0211,EcoGrain Grocery #211,Grocery,EcoGrain,40.24,3.8,0.0006780970451799145,vegan|gluten-free|low-sugar|natural
P0212,EcoGrain Grocery #212,Grocery,EcoGrain,8.11,4.5,0.5846371399252805,low-sugar|gluten-free
P0213,LushAura Beauty #213,Beauty,LushAura,19.84,5.0,0.19980895791127873,paraben-free|vegan
P0214,HarvestHue Grocery #214,Grocery,HarvestHue,16.91,5.0,0.2616586034624375,gluten-free|natural
P0215,PurePan Home & Kitchen #215,Home & Kitchen,PurePan,25.07,3.3,0.25452994773985677,eco-friendly|compact|durable|rust-free
P0216,VoltCore Electronics #216,Electronics,VoltCore,123.53,3.4,0.07004651522533666,wireless|bluetooth
P0217,ElectroMax Electronics #217,Electronics,ElectroMax,126.56,4.9,0.0775632484326612,bluetooth|wireless|fast-charging
P0218,GlowLab Beauty #218,Beauty,GlowLab,27.13,3.4,0.22046812833668666,paraben-free|organic|vegan|hydrating
P0219,TuneTech Music #219,Music,TuneTech,209.34,3.2,0.16879587518056802,bluetooth|wireless|noise-cancelling
P0220,VogueLine Fashion #220,Fashion,VogueLine,44.23,3.7,0.010997283246046586,casual|cotton|premium
P0221,LushAura Beauty #221,Beauty,LushAura,17.92,4.3,0.09063664728181559,organic|hydrating|vegan
P0222,HarvestHue Grocery #222,Grocery,HarvestHue,24.3,3.9,0.42942236366813236,gluten-free|organic|natural|low-sugar
P0223,HomeHue Home & Kitchen #223,Home & Kitchen,HomeHue,135.18,3.6,0.12149050367346999,non-stick|rust-free|durable
P0224,HarvestHue Grocery #224,Grocery,HarvestHue,15.35,3.6,0.13272076094476698,gluten-free|organic
P0225,PagePress Books #225,Books,PagePress,12.69,3.6,0.04027184855838513,fiction|educational|hardcover
P0226,MotoMate Automotive #226,Automotive,MotoMate,198.33,3.5,0.5289515837908702,rust-proof|heavy-duty
P0227,FitForge Sports #227,Sports,FitForge,62.66,5.0,0.32140786418181344,waterproof|grip
P0228,ProStride Sports #228,Sports,ProStride,96.76,4.2,0.09409028884645314,durable|waterproof
P0229,UrbanWeave Fashion #229,Fashion,UrbanWeave,49.66,4.5,0.0579710530264408,cotton|casual|slim-fit
P0230,Beautea Beauty #230,Beauty,Beautea,42.61,3.7,0.04267411908308444,hydrating|vegan|anti-aging|organic
P0231,DriveDyn Automotive #231,Automotive,DriveDyn,89.4,3.9,0.06916115847007581,easy-install|rust-proof
P0232,PixelPro Electronics #232,Electronics,PixelPro,198.8,3.6,0.021894800770441838,bluetooth|wireless
P0233,HarvestHue Grocery #233,Grocery,HarvestHue,22.5,2.5,0.03692722628992909,natural|low-sugar|organic
P0234,GlowLab Beauty #234,Beauty,GlowLab,16.33,3.2,0.006548903978944203,organic|paraben-free
P0235,EcoGrain Grocery #235,Grocery,EcoGrain,11.44,2.9,0.25899079898833643,low-sugar|organic|vegan
P0236,FunForge Toys #236,Toys,FunForge,56.36,2.7,0.011533904305367288,educational|non-toxic
P0237,PureSkin Beauty #237,Beauty,PureSkin,25.17,3.3,0.006983606241990884,anti-aging|paraben-free
P0238,BookHive Books #238,Books,BookHive,12.0,4.8,0.25624127323221463,self-help|fiction
P0239,KidoCraft Toys #239,Toys,KidoCraft,38.12,4.0,0.10211994478685961,colorful|battery-operated
P0240,ClassyCot Fashion #240,Fashion,ClassyCot,87.89,4.8,0.1698758363675995,cotton|casual|slim-fit
P0241,FlexFit Sports #241,Sports,FlexFit,22.38,4.2,0.2282567615688902,grip|durable|waterproof|lightweight
P0242,VoltCore Electronics #242,Electronics,VoltCore,94.63,4.5,0.09003615542425032,portable|bluetooth|wireless
P0243,ToyTinker Toys #243,Toys,ToyTinker,25.21,3.5,0.17707049633970168,educational|colorful|battery-operated
P0244,KidoCraft Toys #244,Toys,KidoCraft,83.05,4.3,0.0965459463422549,educational|colorful|battery-operated
P0245,ElectroMax Electronics #245,Electronics,ElectroMax,230.35,4.4,0.49825312991146803,bluetooth|wireless|smart|portable
P0246,EcoGrain Grocery #246,Grocery,EcoGrain,36.69,3.7,0.22204762058379945,vegan|natural|low-sugar
P0247,PureSkin Beauty #247,Beauty,PureSkin,16.96,4.3,0.047540458827896453,hydrating|anti-aging
P0248,PureBite Grocery #248,Grocery,PureBite,14.28,4.3,0.09434388347458271,organic|gluten-free
P0249,TechNova Electronics #249,Electronics,TechNova,250.19,3.7,0.0291225824607033,wireless|fast-charging
P0250,ClassyCot Fashion #250,Fashion,ClassyCot,51.48,3.3,0.1669920920993551,premium|trendy
P0251,GlowLab Beauty #251,Beauty,GlowLab,39.47,3.3,0.036546735089730324,paraben-free|anti-aging|vegan
P0252,VogueLine Fashion #252,Fashion,VogueLine,45.52,4.1,0.09547486221899798,slim-fit|cotton|premium
P0253,Inkwell Books #253,Books,Inkwell,22.98,4.2,0.09870342348955449,hardcover|self-help
P0254,FunForge Toys #254,Toys,FunForge,43.29,3.5,0.10740998501561103,eco-friendly|battery-operated
P0255,Threadly Fashion #255,Fashion,Threadly,73.77,4.0,0.037470909825919205,casual|trendy
P0256,FunForge Toys #256,Toys,FunForge,59.88,4.3,0.09810447682780854,educational|colorful|non-toxic
P0257,Threadly Fashion #257,Fashion,Threadly,22.24,4.4,0.2463552631446547,cotton|slim-fit|casual|premium
P0258,VogueLine Fashion #258,Fashion,VogueLine,16.25,4.9,0.03905811674234625,casual|premium
P0259,IronWill Sports #259,Sports,IronWill,115.51,4.8,0.05617128805948339,lightweight|durable|breathable|grip
P0260,FreshCart Grocery #260,Grocery,FreshCart,45.27,3.4,0.15850870759512342,natural|gluten-free
P0261,UrbanWeave Fashion #261,Fashion,UrbanWeave,30.02,5.0,0.03006272838582089,casual|cotton|slim-fit
P0262,PurePan Home & Kitchen #262,Home & Kitchen,PurePan,31.57,3.7,0.3985478972308205,non-stick|durable|compact
P0263,AudioArc Music #263,Music,AudioArc,126.09,4.6,0.19072838732650324,bass-boost|portable|wireless|noise-cancelling
P0264,BeatLab Music #264,Music,BeatLab,191.12,4.0,0.19134576923120492,wireless|bluetooth|noise-cancelling
P0265,FlexFit Sports #265,Sports,FlexFit,171.97,3.8,0.1648359969894021,grip|durable|lightweight
P0266,Beautea Beauty #266,Beauty,Beautea,38.84,2.9,0.048890746267951694,anti-aging|hydrating
P0267,LitHouse Books #267,Books,LitHouse,16.61,3.9,0.08004326648453775,hardcover|self-help|bestseller|educational
P0268,PlayPioneer Toys #268,Toys,PlayPioneer,25.59,3.1,0.09419769004774489,colorful|eco-friendly|battery-operated|non-toxic
P0269,ProStride Sports #269,Sports,ProStride,70.4,4.6,0.10118569796474507,lightweight|durable|breathable
P0270,CozyNest Home & Kitchen #270,Home & Kitchen,CozyNest,68.88,4.9,0.18202313636281786,eco-friendly|durable|rust-free
P0271,PixelPro Electronics #271,Electronics,PixelPro,120.4,3.5,0.04927136096168364,bluetooth|smart|fast-charging
P0272,VogueLine Fashion #272,Fashion,VogueLine,139.27,4.2,0.07968322339765939,cotton|casual|slim-fit
P0273,TuneTech Music #273,Music,TuneTech,292.97,3.6,0.4591416650969083,portable|noise-cancelling|bluetooth
P0274,LushAura Beauty #274,Beauty,LushAura,52.94,3.6,0.37679026829448925,paraben-free|anti-aging|vegan|organic
P0275,LushAura Beauty #275,Beauty,LushAura,18.93,4.5,0.04701171682833676,anti-aging|hydrating
P0276,PureSkin Beauty #276,Beauty,PureSkin,46.0,4.0,0.14481993046292566,paraben-free|hydrating|vegan
P0277,FreshCart Grocery #277,Grocery,FreshCart,34.42,5.0,0.03261446107996996,natural|low-sugar|organic
P0278,ElectroMax Electronics #278,Electronics,ElectroMax,249.53,3.7,0.053922253446630285,portable|fast-charging|smart
P0279,PixelPro Electronics #279,Electronics,PixelPro,373.59,4.6,0.051384895547748805,bluetooth|smart
P0280,PurePan Home & Kitchen #280,Home & Kitchen,PurePan,109.92,4.1,0.14076088800986394,compact|non-stick|durable|eco-friendly
P0281,Beautea Beauty #281,Beauty,Beautea,43.43,4.5,0.3481837334043017,hydrating|paraben-free|organic|vegan
P0282,PlayPioneer Toys #282,Toys,PlayPioneer,55.0,3.7,0.0837135043668752,eco-friendly|battery-operated
P0283,GlowLab Beauty #283,Beauty,GlowLab,35.57,4.0,0.39764313800056866,paraben-free|anti-aging|hydrating|organic
P0284,PureSkin Beauty #284,Beauty,PureSkin,12.3,3.9,0.2927335522699488,vegan|anti-aging|organic|paraben-free
P0285,TuneTech Music #285,Music,TuneTech,125.12,3.5,0.0991284266971855,bass-boost|bluetooth|wireless
P0286,VogueLine Fashion #286,Fashion,VogueLine,37.86,4.4,0.14971011991920988,slim-fit|casual
P0287,IronWill Sports #287,Sports,IronWill,36.91,4.4,0.12595093077516623,waterproof|breathable|grip
P0288,IronWill Sports #288,Sports,IronWill,162.29,4.4,0.2356703574158317,breathable|durable|lightweight
P0289,GlowLab Beauty #289,Beauty,GlowLab,71.21,4.9,0.1183669898621201,organic|anti-aging
P0290,AutoArc Automotive #290,Automotive,AutoArc,295.97,4.9,0.09391170035262492,weatherproof|universal|easy-install
P0291,KitchenKraft Home & Kitchen #291,Home & Kitchen,KitchenKraft,90.89,3.8,0.12036826807060948,non-stick|eco-friendly|compact|durable
P0292,TuneTech Music #292,Music,TuneTech,235.76,4.2,0.1140375391882959,noise-cancelling|bluetooth|wireless
P0293,Inkwell Books #293,Books,Inkwell,20.12,3.6,0.038859472247785236,bestseller|self-help
P0294,ProStride Sports #294,Sports,ProStride,77.47,4.0,0.0032147380752960038,grip|durable|breathable
P0295,ProStride Sports #295,Sports,ProStride,40.52,3.6,0.06650167973783117,lightweight|waterproof|breathable
P0296,CarCore Automotive #296,Automotive,CarCore,182.94,5.0,0.058724672654315635,easy-install|heavy-duty|universal
P0297,PureSkin Beauty #297,Beauty,PureSkin,30.92,4.2,0.7841478855083366,organic|paraben-free
P0298,KitchenKraft Home & Kitchen #298,Home & Kitchen,KitchenKraft,41.71,3.9,0.1098863146022471,rust-free|durable
P0299,ElectroMax Electronics #299,Electronics,ElectroMax,194.95,4.7,0.11645192763620207,bluetooth|fast-charging
P0300,PagePress Books #300,Books,PagePress,19.22,2.7,0.14302519424104906,self-help|fiction
P0301,DriveDyn Automotive #301,Automotive,DriveDyn,368.49,2.8,0.15536481308905284,rust-proof|universal|heavy-duty
P0302,VoltCore Electronics #302,Electronics,VoltCore,312.76,4.5,0.02307265482520997,portable|fast-charging|wireless
P0303,CarCore Automotive #303,Automotive,CarCore,150.86,4.0,0.08538532022405101,weatherproof|rust-proof|universal
P0304,IronWill Sports #304,Sports,IronWill,79.27,4.2,0.010936420028233085,breathable|durable|waterproof
P0305,ClassyCot Fashion #305,Fashion,ClassyCot,51.12,3.2,0.00018135409494297815,premium|slim-fit|trendy|casual
P0306,BookHive Books #306,Books,BookHive,18.07,4.0,0.09546333190680996,fiction|self-help|educational|bestseller
P0307,FitForge Sports #307,Sports,FitForge,40.74,5.0,0.5234399897696166,grip|waterproof|durable|lightweight
P0308,LitHouse Books #308,Books,LitHouse,18.55,4.5,0.08427045425501012,hardcover|self-help|bestseller|educational
P0309,ClassyCot Fashion #309,Fashion,ClassyCot,34.43,4.1,0.009666014043049002,cotton|trendy|casual
P0310,PlayPioneer Toys #310,Toys,PlayPioneer,21.41,3.7,0.04544764928269669,eco-friendly|educational
P0311,KidoCraft Toys #311,Toys,KidoCraft,51.65,3.8,0.02670022334049694,battery-operated|colorful|eco-friendly|non-toxic
P0312,UrbanWeave Fashion #312,Fashion,UrbanWeave,60.8,2.7,0.16980034481129042,cotton|trendy
P0313,KitchenKraft Home & Kitchen #313,Home & Kitchen,KitchenKraft,32.74,4.2,0.05032032158411989,compact|rust-free
P0314,PurePan Home & Kitchen #314,Home & Kitchen,PurePan,75.24,4.5,0.13643170848328237,durable|rust-free|compact|non-stick
P0315,KidoCraft Toys #315,Toys,KidoCraft,65.81,3.1,0.07264164799663832,non-toxic|battery-operated|eco-friendly
P0316,FreshCart Grocery #316,Grocery,FreshCart,42.46,3.6,0.1355231139540251,low-sugar|vegan|organic|gluten-free
P0317,FreshCart Grocery #317,Grocery,FreshCart,41.75,3.3,0.12580518099870186,natural|vegan
P0318,TuneTech Music #318,Music,TuneTech,122.36,3.4,0.28888131098288167,portable|wireless|bass-boost
P0319,HarvestHue Grocery #319,Grocery,HarvestHue,16.38,4.0,0.04835922278046448,low-sugar|natural
P0320,PagePress Books #320,Books,PagePress,11.63,2.7,0.055936650244152966,educational|self-help
P0321,UrbanWeave Fashion #321,Fashion,UrbanWeave,59.4,4.4,0.08510552994969753,casual|premium|trendy|cotton
P0322,PlayPioneer Toys #322,Toys,PlayPioneer,48.35,4.5,0.0975037602336836,battery-operated|eco-friendly|educational
P0323,TuneTech Music #323,Music,TuneTech,228.41,3.8,0.030410090697427356,portable|bass-boost
P0324,TuneTech Music #324,Music,TuneTech,207.99,2.5,0.10551037338717399,noise-cancelling|wireless|bluetooth|bass-boost
P0325,HomeHue Home & Kitchen #325,Home & Kitchen,HomeHue,74.88,3.4,0.17506716648178883,eco-friendly|rust-free
P0326,CozyNest Home & Kitchen #326,Home & Kitchen,CozyNest,42.95,4.7,0.03944631536272535,durable|rust-free
P0327,PixelPro Electronics #327,Electronics,PixelPro,170.5,2.5,0.28233946013881517,bluetooth|wireless|smart|fast-charging
P0328,ClassyCot Fashion #328,Fashion,ClassyCot,55.74,3.8,0.23424177111452918,cotton|casual
P0329,FitForge Sports #329,Sports,FitForge,63.27,3.3,0.2169148890563001,waterproof|durable|grip
P0330,FitForge Sports #330,Sports,FitForge,52.43,4.5,0.18304302125199906,lightweight|grip
P0331,PagePress Books #331,Books,PagePress,22.7,3.6,0.13999543849926607,hardcover|educational
P0332,LitHouse Books #332,Books,LitHouse,15.55,4.2,0.0871444648116319,fiction|self-help|hardcover
P0333,AutoArc Automotive #333,Automotive,AutoArc,109.57,4.3,0.14446348147427662,universal|rust-proof|easy-install|weatherproof
P0334,LushAura Beauty #334,Beauty,LushAura,35.06,5.0,0.25226684162705854,organic|anti-aging|vegan
P0335,CarCore Automotive #335,Automotive,CarCore,122.69,3.9,0.0748458910333144,heavy-duty|easy-install|weatherproof
P0336,AudioArc Music #336,Music,AudioArc,135.58,4.2,0.023999331157846394,wireless|noise-cancelling|bluetooth
P0337,PagePress Books #337,Books,PagePress,22.93,3.1,0.413391108109398,fiction|self-help
P0338,HomeHue Home & Kitchen #338,Home & Kitchen,HomeHue,45.25,4.7,0.34131335021007597,durable|non-stick|eco-friendly
P0339,AudioArc Music #339,Music,AudioArc,94.34,3.5,0.05903635486474312,bluetooth|bass-boost|wireless
P0340,ToyTinker Toys #340,Toys,ToyTinker,82.09,3.7,0.06573524616227183,colorful|eco-friendly|educational|non-toxic
P0341,CozyNest Home & Kitchen #341,Home & Kitchen,CozyNest,44.75,4.0,0.20637126712470935,compact|durable|non-stick|rust-free
P0342,KidoCraft Toys #342,Toys,KidoCraft,13.88,3.1,0.07703669647757469,eco-friendly|colorful|educational
P0343,FitForge Sports #343,Sports,FitForge,27.59,4.1,0.07944923440887379,durable|grip
P0344,SoundScape Music #344,Music,SoundScape,121.76,4.6,0.10371499125550143,bluetooth|portable|bass-boost|wireless
P0345,HomeHue Home & Kitchen #345,Home & Kitchen,HomeHue,81.25,4.2,0.035674795325944995,compact|rust-free
P0346,SoundScape Music #346,Music,SoundScape,113.15,3.0,0.10924334818761396,noise-cancelling|bluetooth|portable|wireless
P0347,SoundScape Music #347,Music,SoundScape,220.21,3.9,0.03210641785941687,bass-boost|wireless|portable
P0348,ClassyCot Fashion #348,Fashion,ClassyCot,13.14,4.4,0.05868534098945447,cotton|premium
P0349,UrbanWeave Fashion #349,Fashion,UrbanWeave,60.95,2.9,0.045289351924481906,cotton|slim-fit
P0350,FlexFit Sports #350,Sports,FlexFit,152.81,3.4,0.010645271521657191,breathable|waterproof|lightweight|grip
P0351,PixelPro Electronics #351,Electronics,PixelPro,113.8,4.5,0.2756527921278945,wireless|portable
P0352,PurePan Home & Kitchen #352,Home & Kitchen,PurePan,66.16,4.2,0.05253468911135271,compact|non-stick
P0353,GlowLab Beauty #353,Beauty,GlowLab,20.59,4.2,0.048501205537929235,hydrating|organic
P0354,BeatLab Music #354,Music,BeatLab,76.73,5.0,0.8672841088799277,bass-boost|wireless|noise-cancelling
P0355,AudioArc Music #355,Music,AudioArc,101.94,4.3,0.11880905943411828,bass-boost|portable|noise-cancelling|wireless
P0356,VogueLine Fashion #356,Fashion,VogueLine,102.08,4.4,0.007125579817184975,trendy|premium
P0357,AutoArc Automotive #357,Automotive,AutoArc,375.9,5.0,0.07473839786457544,weatherproof|heavy-duty|universal
P0358,VoltCore Electronics #358,Electronics,VoltCore,169.08,3.9,0.05523825636527057,fast-charging|portable|smart|bluetooth
P0359,HarvestHue Grocery #359,Grocery,HarvestHue,64.81,3.5,0.08641928502313084,natural|gluten-free
P0360,CarCore Automotive #360,Automotive,CarCore,152.69,4.3,0.027672988627594892,rust-proof|weatherproof
P0361,CarCore Automotive #361,Automotive,CarCore,360.5,4.3,0.025124498491762712,weatherproof|heavy-duty
P0362,HomeHue Home & Kitchen #362,Home & Kitchen,HomeHue,76.35,3.7,0.01269440565704633,durable|compact|rust-free
P0363,CarCore Automotive #363,Automotive,CarCore,160.16,3.4,0.16981548195522334,heavy-duty|rust-proof
P0364,ClassyCot Fashion #364,Fashion,ClassyCot,60.02,5.0,0.003887389393287237,premium|slim-fit|cotton|casual
P0365,IronWill Sports #365,Sports,IronWill,343.07,4.2,0.2034864250816623,durable|lightweight|breathable|waterproof
P0366,LushAura Beauty #366,Beauty,LushAura,45.92,3.6,0.023098839566728733,vegan|anti-aging|organic|paraben-free
P0367,Inkwell Books #367,Books,Inkwell,14.04,4.5,0.1907234250336263,hardcover|bestseller|educational
P0368,ElectroMax Electronics #368,Electronics,ElectroMax,324.67,3.9,0.16910845181839784,portable|fast-charging|smart|wireless
P0369,FreshCart Grocery #369,Grocery,FreshCart,20.86,3.8,0.14574035413095018,low-sugar|vegan|gluten-free|organic
P0370,LitHouse Books #370,Books,LitHouse,15.66,4.3,0.005155856183904571,hardcover|self-help
P0371,PlayPioneer Toys #371,Toys,PlayPioneer,63.0,3.2,0.05764679508613965,battery-operated|colorful|educational
P0372,GlowLab Beauty #372,Beauty,GlowLab,30.47,4.2,0.14035992181177226,paraben-free|hydrating
P0373,PagePress Books #373,Books,PagePress,22.99,5.0,0.0027999054642559615,bestseller|fiction|self-help|educational
P0374,MotoMate Automotive #374,Automotive,MotoMate,151.05,4.3,0.04989614317961959,universal|rust-proof|heavy-duty
P0375,VoltCore Electronics #375,Electronics,VoltCore,236.66,3.8,0.06781268223253199,portable|smart
P0376,EcoGrain Grocery #376,Grocery,EcoGrain,30.92,3.7,0.27605990901743965,vegan|organic|low-sugar
P0377,EcoGrain Grocery #377,Grocery,EcoGrain,9.49,3.8,0.03518618800085636,natural|organic|gluten-free
P0378,BookHive Books #378,Books,BookHive,27.91,3.8,0.028998841255118014,hardcover|fiction
P0379,CozyNest Home & Kitchen #379,Home & Kitchen,CozyNest,48.96,3.8,0.4490952546445591,compact|non-stick|durable
P0380,TechNova Electronics #380,Electronics,TechNova,97.24,4.5,0.06002819206226874,portable|fast-charging|wireless|smart
P0381,AudioArc Music #381,Music,AudioArc,116.55,3.0,0.060312942200617226,wireless|bluetooth|bass-boost|portable
P0382,BeatLab Music #382,Music,BeatLab,125.15,4.5,0.18932032747348185,bluetooth|bass-boost
P0383,HomeHue Home & Kitchen #383,Home & Kitchen,HomeHue,56.56,3.8,0.16135270390522694,non-stick|durable
P0384,PixelPro Electronics #384,Electronics,PixelPro,303.03,4.2,0.07631463656368945,smart|portable
P0385,UrbanWeave Fashion #385,Fashion,UrbanWeave,25.56,3.3,0.12669853988525207,casual|cotton
P0386,TechNova Electronics #386,Electronics,TechNova,163.18,4.8,0.05346221380854858,bluetooth|wireless|smart|fast-charging
P0387,AutoArc Automotive #387,Automotive,AutoArc,111.97,4.7,0.1568796478002918,universal|easy-install|weatherproof
P0388,AutoArc Automotive #388,Automotive,AutoArc,146.55,4.6,0.019838959893422516,rust-proof|universal
P0389,Threadly Fashion #389,Fashion,Threadly,57.48,3.1,0.019868336165137942,casual|cotton|trendy|premium
P0390,FreshCart Grocery #390,Grocery,FreshCart,15.1,4.5,0.05782488447820181,low-sugar|vegan|natural|organic
P0391,UrbanWeave Fashion #391,Fashion,UrbanWeave,71.82,4.2,0.0023518279639497424,trendy|premium|cotton|slim-fit
P0392,BookHive Books #392,Books,BookHive,20.64,3.0,0.034333476757399166,fiction|bestseller
P0393,FlexFit Sports #393,Sports,FlexFit,27.18,4.0,0.09755250360240818,durable|waterproof
P0394,EcoGrain Grocery #394,Grocery,EcoGrain,9.39,4.2,0.05606204352969618,natural|low-sugar
P0395,MotoMate Automotive #395,Automotive,MotoMate,149.08,4.3,0.01937460168704306,rust-proof|easy-install
P0396,VoltCore Electronics #396,Electronics,VoltCore,179.08,4.1,0.8192960175644981,wireless|bluetooth|portable
P0397,VogueLine Fashion #397,Fashion,VogueLine,47.48,4.2,0.25748704077815926,trendy|premium
P0398,HomeHue Home & Kitchen #398,Home & Kitchen,HomeHue,78.89,4.9,0.03942699219377817,rust-free|compact|eco-friendly|non-stick
P0399,BookHive Books #399,Books,BookHive,22.39,4.7,0.24163375619996066,hardcover|bestseller
P0400,SoundScape Music #400,Music,SoundScape,192.74,2.5,0.33814740682201344,wireless|noise-cancelling|bluetooth|bass-boost
P0401,FreshCart Grocery #401,Grocery,FreshCart,14.34,3.8,0.18273656569063407,low-sugar|vegan|gluten-free|organic
P0402,PagePress Books #402,Books,PagePress,11.13,3.9,0.0074263940381923705,fiction|hardcover|bestseller
P0403,AudioArc Music #403,Music,AudioArc,69.47,2.9,0.10965740618412348,bass-boost|noise-cancelling|wireless|bluetooth
P0404,PureSkin Beauty #404,Beauty,PureSkin,34.66,4.1,0.09682336942072556,organic|hydrating
P0405,IronWill Sports #405,Sports,IronWill,130.45,4.7,0.1006975754853108,waterproof|breathable|durable|lightweight
P0406,PureSkin Beauty #406,Beauty,PureSkin,24.18,3.3,0.015700121039327566,anti-aging|vegan
P0407,VogueLine Fashion #407,Fashion,VogueLine,14.31,4.2,0.16503118766797456,slim-fit|casual
P0408,BeatLab Music #408,Music,BeatLab,51.19,3.5,0.2803910452248016,wireless|bluetooth|bass-boost
P0409,TechNova Electronics #409,Electronics,TechNova,131.87,3.6,0.01135807548656734,bluetooth|smart
P0410,ClassyCot Fashion #410,Fashion,ClassyCot,37.83,4.9,0.04159108548644695,cotton|slim-fit|premium|trendy
P0411,HomeHue Home & Kitchen #411,Home & Kitchen,HomeHue,65.22,3.7,0.0015335648571279136,non-stick|rust-free|durable|compact
P0412,KitchenKraft Home & Kitchen #412,Home & Kitchen,KitchenKraft,81.56,4.3,0.2283283848532548,compact|rust-free
P0413,ClassyCot Fashion #413,Fashion,ClassyCot,42.78,2.9,0.6318494832962916,slim-fit|cotton
P0414,VoltCore Electronics #414,Electronics,VoltCore,337.98,5.0,0.002643691665859343,fast-charging|smart|bluetooth
P0415,ToyTinker Toys #415,Toys,ToyTinker,28.53,4.4,0.3003494906219776,educational|colorful|battery-operated|eco-friendly
P0416,TuneTech Music #416,Music,TuneTech,77.97,3.9,0.07735912871358736,wireless|portable
P0417,ClassyCot Fashion #417,Fashion,ClassyCot,63.53,4.3,0.3799552601921249,cotton|premium
P0418,KitchenKraft Home & Kitchen #418,Home & Kitchen,KitchenKraft,37.12,3.2,0.49377949482563194,rust-free|durable
P0419,IronWill Sports #419,Sports,IronWill,85.06,4.7,0.21289126661980792,waterproof|durable|grip|lightweight
P0420,AudioArc Music #420,Music,AudioArc,126.31,3.8,0.01766356991861439,portable|noise-cancelling|wireless
P0421,FunForge Toys #421,Toys,FunForge,37.16,3.9,0.10481628350173125,educational|eco-friendly
P0422,PureBite Grocery #422,Grocery,PureBite,55.31,3.7,0.02481482019504614,low-sugar|natural|gluten-free|vegan
P0423,FitForge Sports #423,Sports,FitForge,51.28,3.7,0.6213931094249042,lightweight|breathable|waterproof
P0424,GlowLab Beauty #424,Beauty,GlowLab,84.04,4.4,0.0841764557025344,hydrating|organic|vegan
P0425,ClassyCot Fashion #425,Fashion,ClassyCot,44.67,4.2,0.033292791285634574,premium|cotton
P0426,MotoMate Automotive #426,Automotive,MotoMate,79.21,4.4,0.04686653491615659,rust-proof|easy-install|weatherproof|heavy-duty
P0427,DriveDyn Automotive #427,Automotive,DriveDyn,155.34,4.0,0.4429815887839544,easy-install|weatherproof
P0428,ElectroMax Electronics #428,Electronics,ElectroMax,116.77,4.3,0.015133939886917084,bluetooth|portable|fast-charging
P0429,EcoGrain Grocery #429,Grocery,EcoGrain,17.17,3.7,0.17240610085817826,gluten-free|organic
P0430,VoltCore Electronics #430,Electronics,VoltCore,243.92,5.0,0.2904461912850944,fast-charging|portable|bluetooth
P0431,EcoGrain Grocery #431,Grocery,EcoGrain,33.01,3.1,0.06822825135228541,organic|vegan
P0432,DriveDyn Automotive #432,Automotive,DriveDyn,109.9,4.8,0.1434735948046021,heavy-duty|weatherproof|rust-proof
P0433,UrbanWeave Fashion #433,Fashion,UrbanWeave,81.92,4.8,0.1068124277584059,slim-fit|casual
P0434,PureSkin Beauty #434,Beauty,PureSkin,53.51,3.5,0.08028903893247859,paraben-free|anti-aging|organic|hydrating
P0435,ClassyCot Fashion #435,Fashion,ClassyCot,102.53,5.0,0.06733319056622898,trendy|premium
P0436,FitForge Sports #436,Sports,FitForge,91.21,4.6,0.009204945142382036,waterproof|breathable|grip
P0437,SoundScape Music #437,Music,SoundScape,237.27,4.6,0.04475202884793261,bass-boost|wireless|bluetooth
P0438,ElectroMax Electronics #438,Electronics,ElectroMax,78.09,4.0,0.0255383701345735,fast-charging|wireless
P0439,BookHive Books #439,Books,BookHive,17.06,3.9,0.07960808575546324,educational|bestseller
P0440,TuneTech Music #440,Music,TuneTech,77.79,3.9,0.18430809593450748,portable|wireless|noise-cancelling|bass-boost
P0441,LitHouse Books #441,Books,LitHouse,21.23,4.2,0.03583564047471135,educational|bestseller|self-help|fiction
P0442,ClassyCot Fashion #442,Fashion,ClassyCot,37.57,4.8,0.04342312542241626,casual|trendy
P0443,PureSkin Beauty #443,Beauty,PureSkin,27.61,4.1,0.05157444528286057,anti-aging|hydrating|organic|paraben-free
P0444,FitForge Sports #444,Sports,FitForge,179.39,3.5,0.20573922721627835,durable|breathable|waterproof
P0445,PlayPioneer Toys #445,Toys,PlayPioneer,36.75,4.5,0.2618564048170129,battery-operated|non-toxic|eco-friendly|colorful
P0446,Inkwell Books #446,Books,Inkwell,24.6,4.6,0.019645864053769897,bestseller|fiction
P0447,SoundScape Music #447,Music,SoundScape,106.84,4.4,0.307050385324994,bluetooth|bass-boost|portable
P0448,FlexFit Sports #448,Sports,FlexFit,72.7,4.4,0.20175442953364736,grip|waterproof|lightweight|breathable
P0449,KitchenKraft Home & Kitchen #449,Home & Kitchen,KitchenKraft,80.24,3.8,0.012588494168452828,rust-free|eco-friendly|durable|non-stick
P0450,SoundScape Music #450,Music,SoundScape,150.15,3.4,0.14526408194509624,noise-cancelling|portable|bass-boost
P0451,BeatLab Music #451,Music,BeatLab,214.89,3.5,0.1176137461604128,bluetooth|portable
P0452,Beautea Beauty #452,Beauty,Beautea,68.37,3.0,0.0976761657086084,vegan|anti-aging
P0453,ElectroMax Electronics #453,Electronics,ElectroMax,233.49,4.1,0.010655354468327263,smart|fast-charging|bluetooth|wireless
P0454,FlexFit Sports #454,Sports,FlexFit,94.0,3.9,0.1370676032283618,breathable|durable
P0455,IronWill Sports #455,Sports,IronWill,39.37,3.7,0.10214574242381938,waterproof|breathable|lightweight
P0456,Threadly Fashion #456,Fashion,Threadly,47.85,2.5,0.04121683376143269,cotton|slim-fit|premium|trendy
P0457,FunForge Toys #457,Toys,FunForge,64.01,3.3,0.07811315585382402,colorful|eco-friendly|educational
P0458,CarCore Automotive #458,Automotive,CarCore,231.28,4.7,0.1929710633347543,heavy-duty|universal
P0459,Threadly Fashion #459,Fashion,Threadly,55.58,3.6,0.0061830137546898005,trendy|casual
P0460,FreshCart Grocery #460,Grocery,FreshCart,38.94,4.2,0.07185552454341732,gluten-free|vegan|low-sugar
P0461,Threadly Fashion #461,Fashion,Threadly,63.91,3.2,0.24149847725116574,premium|trendy|slim-fit|casual
P0462,HarvestHue Grocery #462,Grocery,HarvestHue,45.56,4.9,0.07363770902230325,low-sugar|organic|gluten-free|vegan
P0463,GlowLab Beauty #463,Beauty,GlowLab,34.67,3.9,0.25716879836689915,paraben-free|anti-aging
P0464,PixelPro Electronics #464,Electronics,PixelPro,167.41,4.2,0.023520141085129852,wireless|bluetooth|portable|fast-charging
P0465,TuneTech Music #465,Music,TuneTech,141.94,5.0,0.19374510942080894,wireless|portable|noise-cancelling|bass-boost
P0466,UrbanWeave Fashion #466,Fashion,UrbanWeave,11.55,4.9,0.3647038948755624,trendy|premium
P0467,ProStride Sports #467,Sports,ProStride,84.77,3.8,0.020057446857139182,breathable|grip|waterproof
P0468,ClassyCot Fashion #468,Fashion,ClassyCot,8.07,3.6,0.23158779314365235,premium|trendy|casual|cotton
P0469,SoundScape Music #469,Music,SoundScape,50.69,3.8,0.03976852880845103,bluetooth|wireless|noise-cancelling
P0470,PureBite Grocery #470,Grocery,PureBite,31.34,4.3,0.016073047160949552,organic|gluten-free|natural
P0471,DriveDyn Automotive #471,Automotive,DriveDyn,190.45,3.9,0.013569335734457733,universal|weatherproof
P0472,PureSkin Beauty #472,Beauty,PureSkin,16.78,3.8,0.06818215931494974,hydrating|anti-aging|vegan
P0473,PureSkin Beauty #473,Beauty,PureSkin,21.01,4.9,0.00191509632467402,vegan|organic|paraben-free
P0474,PlayPioneer Toys #474,Toys,PlayPioneer,79.37,3.9,0.03695836924743248,non-toxic|educational|battery-operated|colorful
P0475,FreshCart Grocery #475,Grocery,FreshCart,19.63,5.0,0.06855728158354457,low-sugar|vegan
P0476,AutoArc Automotive #476,Automotive,AutoArc,460.4,4.1,0.07697943295588353,rust-proof|easy-install|heavy-duty
P0477,VoltCore Electronics #477,Electronics,VoltCore,199.81,5.0,0.03042358508786666,portable|fast-charging|smart|wireless
P0478,ToyTinker Toys #478,Toys,ToyTinker,49.05,4.2,0.05023410755927833,battery-operated|non-toxic
P0479,UrbanWeave Fashion #479,Fashion,UrbanWeave,112.22,4.6,0.026507311822382053,premium|cotton
P0480,CozyNest Home & Kitchen #480,Home & Kitchen,CozyNest,85.42,3.6,0.03659869834300735,durable|compact
P0481,MotoMate Automotive #481,Automotive,MotoMate,90.87,3.5,0.15728754577213824,easy-install|universal
P0482,CozyNest Home & Kitchen #482,Home & Kitchen,CozyNest,75.73,4.3,0.07022885511952312,eco-friendly|rust-free
P0483,EcoGrain Grocery #483,Grocery,EcoGrain,24.56,4.6,0.1793272960126408,low-sugar|vegan
P0484,Beautea Beauty #484,Beauty,Beautea,15.16,4.0,0.036317433189600755,anti-aging|hydrating|organic
P0485,CozyNest Home & Kitchen #485,Home & Kitchen,CozyNest,70.39,3.2,0.003578782437672304,rust-free|eco-friendly|non-stick
P0486,BookHive Books #486,Books,BookHive,13.8,3.2,0.10129118519212425,bestseller|educational
P0487,ProStride Sports #487,Sports,ProStride,111.13,3.1,0.1651736092604531,breathable|durable
P0488,FreshCart Grocery #488,Grocery,FreshCart,25.44,2.9,0.013127253785629124,organic|gluten-free|vegan
P0489,KidoCraft Toys #489,Toys,KidoCraft,34.73,4.1,0.1486194370351833,battery-operated|eco-friendly
P0490,BeatLab Music #490,Music,BeatLab,113.8,4.7,0.01610304619202756,wireless|noise-cancelling|bluetooth
P0491,MotoMate Automotive #491,Automotive,MotoMate,167.7,4.0,0.04713948617591309,rust-proof|heavy-duty|weatherproof|universal
P0492,FreshCart Grocery #492,Grocery,FreshCart,34.03,2.6,0.10708924863913656,gluten-free|low-sugar|vegan
P0493,ToyTinker Toys #493,Toys,ToyTinker,24.26,3.9,0.013315846343420822,colorful|eco-friendly|educational
P0494,CozyNest Home & Kitchen #494,Home & Kitchen,CozyNest,47.52,3.9,0.1280923433405257,eco-friendly|rust-free
P0495,Beautea Beauty #495,Beauty,Beautea,52.12,5.0,0.09992480035133561,hydrating|anti-aging
P0496,UrbanWeave Fashion #496,Fashion,UrbanWeave,40.68,3.1,0.140795430092564,trendy|cotton|casual
P0497,LitHouse Books #497,Books,LitHouse,9.85,3.8,0.010523805787552666,fiction|self-help
P0498,AudioArc Music #498,Music,AudioArc,149.81,5.0,0.03821155891979434,bass-boost|noise-cancelling|portable
P0499,Beautea Beauty #499,Beauty,Beautea,37.82,4.3,0.21616764537645566,anti-aging|hydrating|paraben-free|vegan
